Word,Frequency
time,1867
like,1246
people,991
work,916
life,650
years,631
day,628
hours,552
think,547
know,542
bad,530
job,518
school,515
good,509
reddit,497
waste,471
got,465
want,456
going,449
things,419
way,400
feel,376
better,346
lot,338
thing,326
year,320
sleep,316
peta,312
right,306
shit,304
need,299
getting,295
days,295
long,287
college,277
game,277
actually,272
minutes,272
hate,268
love,260
find,258
friends,256
games,255
pretty,244
hour,241
playing,235
deleted,231
having,231
home,226
end,224
spent,223
high,222
probably,221
world,218
fucking,218
week,217
money,211
wasted,208
trying,205
times,199
stuff,195
ill,195
sure,193
new,192
working,189
fuck,189
play,189
degree,188
makes,187
use,183
yeah,181
enjoy,179
maybe,178
person,177
fun,174
live,174
hard,173
try,172
video,170
spend,168
best,167
away,166
went,165
watching,165
said,165
commute,163
food,162
great,162
point,159
care,154
come,152
started,152
thinking,150
start,150
instead,149
mean,148
look,148
read,144
takes,143
played,142
little,142
months,142
wow,141
help,140
experience,138
making,137
half,136
different,136
kids,133
eat,133
learned,131
man,131
wish,130
sleeping,129
worth,129
real,128
far,128
etc,128
learn,127
dishes,127
taking,126
"

 ",123
friend,123
waiting,122
clean,119
free,118
usually,118
pay,118
yes,117
relationship,116
place,116
thought,116
reading,115
driving,115
bed,115
tell,114
watch,114
looking,113
night,112
family,111
feeling,111
reason,110
online,110
later,109
eating,109
kind,109
able,108
bit,108
shower,108
guess,106
jobs,106
nice,106
wrong,106
big,105
mind,105
took,103
internet,102
car,102
stop,101
music,99
class,99
understand,99
hair,99
morning,98
literally,98
ago,98
old,97
classes,96
gets,95
talk,95
let,95
biggest,94
guy,94
damn,93
idea,93
house,93
thanks,92
cleaning,92
happy,90
definitely,90
left,89
learning,89
god,88
drive,88
remember,88
living,88
huge,87
leave,87
laundry,87
wait,86
single,86
change,86
wanted,86
problem,85
saying,85
completely,85
stay,85
came,85
especially,85
found,85
quit,84
lol,84
university,83
" 

",83
told,83
teeth,83
wasting,82
entire,82
sit,82
hell,81
true,81
agree,81
stupid,80
early,80
worked,79
absolutely,79
sitting,79
social,79
putting,79
hear,79
talking,79
seriously,78
course,78
small,78
weeks,77
exactly,77
cooking,76
ones,75
runescape,75
lost,75
run,75
warcraft,74
believe,74
hope,74
productive,74
office,73
basically,73
late,73
feels,72
easy,72
comes,72
second,71
general,70
worse,70
bullshit,70
past,70
worst,70
honestly,70
books,69
month,69
sounds,69
anymore,68
gaming,68
youtube,68
anxiety,67
called,67
awesome,67
knew,66
today,66
regret,66
clothes,66
boring,66
ass,66
traffic,66
close,65
matter,65
parents,65
story,65
sense,64
rest,64
happen,64
works,64
sorry,63
goes,63
ask,63
washing,63
felt,62
longer,62
break,62
spending,62
important,62
couple,62
tried,62
open,61
cars,61
totally,61
book,61
meeting,61
depression,60
phone,60
set,60
level,60
meetings,60
room,60
wake,60
daily,60
fact,59
actual,59
company,59
"


",59
listen,59
needed,59
sports,58
dating,58
wife,58
gave,58
computer,57
paid,57
seen,57
amazing,57
100,57
realized,57
dude,57
water,57
realize,56
church,56
future,56
post,56
reality,56
self,56
turn,56
bathroom,56
cool,56
deal,56
edit,55
career,55
outside,55
comment,55
heard,55
sucks,55
minute,55
walk,55
possible,55
save,55
cook,55
eventually,54
removed,54
hit,54
gon,54
ready,53
league,53
thank,53
needs,53
grade,53
meet,53
glad,53
line,53
skills,52
buy,52
girl,52
total,52
consider,52
worrying,52
interesting,52
situation,52
complete,51
means,51
answer,51
head,51
fine,51
podcasts,51
constantly,50
check,50
plus,50
pick,50
hand,50
easier,50
dry,50
dog,50
movie,49
news,49
coming,49
commuting,49
ended,49
everyday,49
fast,49
bus,49
soon,49
interested,49
summer,48
education,48
finally,48
married,48
lots,48
shows,48
super,48
system,48
cut,48
given,47
field,47
depressed,47
loved,47
kinda,47
okay,47
season,47
annoying,47
health,47
law,46
places,46
personal,46
weekend,46
legends,46
dead,46
imagine,46
body,46
store,46
busy,46
women,45
content,45
study,45
sort,45
mom,45
gone,45
gotten,45
face,45
worry,45
short,45
drink,45
public,45
certain,45
happened,45
x200b,45
wash,45
brushing,45
listening,44
recommend,44
kill,44
word,44
miss,44
simply,44
twice,44
funny,44
lives,44
chance,43
likely,43
die,43
city,43
current,43
tired,43
lose,43
girlfriend,43
extra,43
moved,43
major,43
example,43
facebook,43
art,43
looks,43
team,43
moment,42
stuck,42
question,42
watched,42
lazy,42
straight,42
bored,42
recently,42
poop,42
children,42
helps,42
gif,42
stopped,41
account,41
met,41
currently,41
guys,41
form,41
paying,41
kid,41
shitty,41
ways,41
crazy,41
showering,41
english,40
bunch,40
helped,40
pain,40
write,40
business,40
plenty,40
writing,40
number,40
obviously,40
asleep,40
nearly,40
finish,39
seeing,39
toilet,39
enjoyed,39
paper,39
finished,39
useless,39
starting,39
thread,39
media,39
vanilla,39
lunch,39
low,39
issues,39
case,38
choice,38
group,38
easily,38
sad,38
telling,38
saw,38
town,38
cost,38
series,37
relationships,37
information,37
area,37
community,37
young,37
asked,37
haha,37
figure,37
interview,37
miles,37
waking,37
advice,36
forced,36
stand,36
honest,36
smoking,36
math,36
age,36
large,36
running,36
email,36
sink,36
chore,36
husband,36
brain,36
personally,36
position,36
dinner,36
drinking,35
awful,35
pooping,35
marriage,35
supposed,35
dream,35
state,35
meal,35
forever,35
happens,35
student,35
wants,35
says,35
boss,35
training,35
normal,35
train,35
choose,34
kept,34
fall,34
weird,34
religion,34
ton,34
focus,34
healthy,34
effort,34
cause,34
exist,34
brother,33
graduate,33
mental,33
dad,33
fix,33
applied,33
sick,33
minecraft,33
decent,33
decided,33
walking,33
seconds,33
order,33
meant,33
girls,33
service,33
value,33
schools,33
human,33
expensive,33
makeup,33
dreams,32
crap,32
brush,32
energy,32
mention,32
teaching,32
liked,32
finding,32
issue,32
light,32
teach,32
wet,32
machine,32
folding,32
main,31
multiple,31
debt,31
gives,31
perfect,31
cold,31
middle,31
baby,31
bring,31
language,31
guitar,31
generally,31
favorite,31
engineering,31
unfortunately,31
clubs,31
dishwasher,31
beat,30
missed,30
building,30
moving,30
graduated,30
difference,30
lucky,30
average,30
pointless,30
management,30
questions,30
turned,30
involved,30
quickly,30
terrible,30
students,30
hey,30
argument,30
problems,30
door,30
inside,29
lived,29
happiness,29
child,29
lets,29
happier,29
common,29
exercise,29
wonder,29
changed,29
woman,29
fat,29
manager,29
pot,29
coffee,29
date,29
original,29
yep,29
taught,28
highschool,28
normally,28
truly,28
double,28
asking,28
catch,28
process,28
attention,28
thoughts,28
apartment,28
apparently,28
science,28
resume,28
hot,28
turns,28
throw,28
meals,28
opinion,28
depends,28
ironing,28
snake,27
related,27
sound,27
necessary,27
giving,27
browsing,27
clearly,27
majority,27
drugs,27
weed,27
pass,27
death,27
support,27
wear,27
random,27
plan,27
words,27
teacher,27
religious,27
sex,27
asshole,27
add,27
option,27
forget,27
fair,27
grocery,27
travel,26
interest,26
keeping,26
nights,26
sunday,26
boyfriend,26
horrible,26
program,26
broke,26
addiction,26
dumb,26
thousands,26
knowing,26
knows,26
videos,26
based,26
wars,26
movies,26
wage,26
cycle,26
server,26
specific,26
hands,26
degrees,26
black,26
skip,26
red,26
peoples,26
quick,26
fit,26
schedule,26
harder,26
available,26
term,26
bought,26
earlier,26
trash,26
similar,26
slow,26
stories,26
power,26
podcast,26
hobby,26
quality,26
dingo,26
flossing,26
clear,25
hanging,25
helping,25
wanting,25
fucked,25
impossible,25
caring,25
skill,25
history,25
minimum,25
suck,25
ridiculous,25
skin,25
taken,25
hold,25
dark,25
site,25
regular,25
follow,25
list,25
ability,25
road,25
coworkers,25
mins,25
application,25
party,25
poor,25
desk,25
afford,25
environment,25
looked,25
exact,25
difficult,25
dogs,25
decide,24
studying,24
accept,24
control,24
load,24
country,24
massive,24
military,24
goal,24
weekends,24
speak,24
character,24
slowly,24
costs,24
arguing,24
space,24
apply,24
immediately,24
explain,24
numbers,24
absolute,24
star,24
shopping,24
players,24
kitchen,24
cover,24
american,24
audio,24
act,24
men,24
fan,24
mandatory,24
club,24
gossip,24
professional,23
download,23
fully,23
extremely,23
bother,23
piece,23
army,23
letter,23
respect,23
trade,23
grades,23
including,23
staying,23
box,23
grammar,23
forward,23
period,23
gym,23
fight,23
drunk,23
weekly,23
beautiful,23
luck,23
dirty,23
perfectly,23
figured,23
force,23
fill,23
ride,23
doctor,23
reasons,23
tend,23
agreed,23
leaving,23
fear,22
physical,22
senior,22
mmo,22
awake,22
grew,22
page,22
mission,22
sucked,22
homework,22
private,22
specifically,22
required,22
doctors,22
hang,22
son,22
memories,22
considering,22
track,22
willing,22
entertainment,22
comments,22
target,22
tells,22
loud,22
avoid,22
mouth,22
prefer,22
google,22
sheets,22
pull,21
deep,21
mad,21
response,21
starts,21
adult,21
halo,21
practice,21
joke,21
barely,21
ibs,21
culture,21
saved,21
till,21
continue,21
lines,21
note,21
ugh,21
older,21
allowed,21
weight,21
song,21
expect,21
physically,21
solid,21
changing,21
winter,21
task,21
source,21
department,21
pee,21
keeps,20
hundreds,20
episode,20
lessons,20
tough,20
gain,20
cat,20
ahead,20
mother,20
round,20
regrets,20
panic,20
view,20
simple,20
war,20
bigger,20
special,20
faster,20
park,20
soul,20
argue,20
alarm,20
audiobooks,20
certainly,20
guild,20
min,20
assume,20
creative,20
white,20
bop,19
known,19
applying,19
decision,19
points,19
experiences,19
mormon,19
deserve,19
essentially,19
grow,19
website,19
characters,19
useful,19
bills,19
ads,19
incredibly,19
goddamn,19
bitch,19
depending,19
blow,19
mmos,19
jesus,19
obvious,19
socks,19
goals,19
apart,19
necessarily,19
holy,19
buying,19
highly,19
broken,19
test,19
canada,19
drama,19
hated,19
fire,19
mentally,19
local,19
likes,19
cancer,19
ending,19
enjoyable,19
opposite,19
bike,19
emotional,19
relax,19
benefits,19
requires,19
dressed,19
gas,19
sun,19
step,18
chemo,18
hoping,18
breakfast,18
knowledge,18
afraid,18
wanna,18
built,18
rid,18
activities,18
clubbing,18
arts,18
grad,18
sexual,18
stress,18
genuinely,18
doubt,18
dota,18
discussion,18
growing,18
cheap,18
fake,18
hopefully,18
parts,18
closer,18
enjoying,18
active,18
miserable,18
leaves,18
politics,18
lead,18
lack,18
partner,18
speed,18
basic,18
touch,18
somebody,18
hrs,18
diet,18
surprised,18
positive,18
foot,18
tech,18
monster,18
frustrating,18
following,18
idiot,18
entirely,18
missing,18
activity,18
guilty,18
chicken,18
dance,18
appreciate,18
tests,18
shift,18
channels,18
celebrities,18
freeze,18
insane,17
wearing,17
relaxing,17
addicted,17
200,17
led,17
truth,17
20s,17
dick,17
dollars,17
society,17
switch,17
topic,17
boy,17
version,17
feelings,17
begin,17
planning,17
gold,17
speaking,17
1000,17
yesterday,17
mentioned,17
near,17
hurt,17
shaving,17
masters,17
pissed,17
joy,17
uni,17
pressure,17
celebrity,17
lower,17
productivity,17
project,17
comfortable,17
calls,17
iron,17
vacuum,17
breathing,17
player,17
anxious,17
ends,17
understood,17
rule,17
yup,17
emotions,17
emotionally,17
cares,17
contact,17
nah,17
gay,17
sign,17
grab,17
wondering,16
sake,16
uncomfortable,16
marketing,16
count,16
drinks,16
attacks,16
courses,16
member,16
angry,16
pokemon,16
terms,16
despite,16
hired,16
sat,16
screen,16
written,16
shot,16
lying,16
habit,16
pants,16
path,16
america,16
somewhat,16
zone,16
achieve,16
tons,16
videogames,16
companies,16
max,16
repeat,16
filled,16
beer,16
items,16
invested,16
grinding,16
build,16
worthless,16
alive,16
gear,16
considered,16
died,16
aware,16
conversation,16
type,16
bro,16
wedding,16
levels,16
garbage,16
drivers,16
stick,16
glass,16
rent,16
matters,16
pop,16
laugh,16
swear,16
employees,16
lawn,16
ingredients,16
floor,16
floss,16
managed,15
younger,15
higher,15
arguments,15
childhood,15
saturday,15
walked,15
constant,15
letting,15
logged,15
moments,15
laid,15
followed,15
admit,15
pulled,15
gained,15
send,15
anyways,15
episodes,15
drug,15
reach,15
competitive,15
pictures,15
cash,15
sites,15
amounts,15
return,15
ran,15
regularly,15
survive,15
trust,15
final,15
government,15
previous,15
semester,15
   ,15
dealing,15
prep,15
possibly,15
reply,15
resources,15
handle,15
window,15
medical,15
novel,15
financial,15
odd,15
offer,15
friday,15
actively,15
transport,15
luckily,15
fell,15
routine,15
calling,15
fault,15
pizza,15
retail,15
caught,15
notice,15
entertaining,15
leads,15
million,15
blood,15
picking,15
giant,15
discuss,15
dish,15
gross,15
pill,15
peeing,15
chores,15
drying,15
correct,14
tab,14
create,14
wonderful,14
breaking,14
everybody,14
thankfully,14
price,14
unhappy,14
imo,14
hole,14
pursue,14
distance,14
cheating,14
presentation,14
standing,14
bucks,14
nope,14
mistakes,14
properly,14
football,14
engineer,14
sent,14
win,14
overall,14
pays,14
hospital,14
bachelors,14
purpose,14
mass,14
variety,14
bottle,14
brought,14
500,14
air,14
expected,14
negative,14
counting,14
wtf,14
ultimately,14
rejection,14
master,14
manage,14
potential,14
idk,14
laptop,14
extreme,14
text,14
positions,14
curious,14
checking,14
describe,14
mess,14
omg,14
direction,14
quote,14
ice,14
chat,14
magic,14
fresh,14
improve,14
sweet,14
share,14
dusting,14
hilarious,14
watches,14
reasonable,14
trees,14
falling,14
fridge,14
adds,14
bag,14
access,14
systems,14
roll,14
piss,14
maintenance,14
tasks,14
unskippable,14
bidet,14
noise,13
circle,13
kony,13
research,13
convince,13
trouble,13
comfort,13
granted,13
alcohol,13
illness,13
porn,13
passed,13
netflix,13
cursive,13
remind,13
compared,13
decisions,13
fantasy,13
code,13
logical,13
kidding,13
result,13
heavy,13
fairly,13
trip,13
creating,13
employer,13
worried,13
dancing,13
refuse,13
fingers,13
projects,13
countless,13
wiping,13
400,13
hobbies,13
divorce,13
tldr,13
accomplished,13
fulfilling,13
mood,13
forgot,13
lights,13
consuming,13
teachers,13
couch,13
answers,13
hardcore,13
particular,13
aside,13
forms,13
screw,13
excuse,13
treat,13
shut,13
pieces,13
sadly,13
tomorrow,13
relevant,13
suffering,13
tbh,13
prior,13
drop,13
lifestyle,13
existence,13
aspect,13
tiny,13
breaks,13
proper,13
naturally,13
groceries,13
waited,13
puts,13
added,13
feet,13
shame,13
wise,13
disagree,13
opinions,13
push,13
race,13
posts,13
killing,13
heres,13
afternoon,13
brings,13
smart,13
relate,13
shorter,13
route,13
freaking,13
areas,13
wipes,13
benefit,13
rich,13
clock,13
height,13
towel,13
meat,13
freezer,13
microwave,13
warm,13
shave,13
plays,12
chasing,12
sims,12
burn,12
vacation,12
suppose,12
understanding,12
sooner,12
shape,12
experienced,12
balls,12
pack,12
partying,12
opportunities,12
rewarding,12
til,12
meaningless,12
crush,12
safe,12
programming,12
periods,12
greatest,12
decade,12
hung,12
assholes,12
dislike,12
exciting,12
tho,12
credits,12
fancy,12
mobile,12
2000,12
uses,12
present,12
discovered,12
learnt,12
opportunity,12
born,12
bet,12
emails,12
require,12
drain,12
cute,12
effects,12
youth,12
stoned,12
expecting,12
intense,12
150,12
incredible,12
invest,12
tea,12
smoked,12
television,12
eyes,12
scene,12
development,12
mode,12
happening,12
shell,12
held,12
technical,12
attending,12
mail,12
valuable,12
sister,12
message,12
raid,12
ignorant,12
upvote,12
subject,12
reference,12
scam,12
upset,12
sales,12
street,12
investment,12
included,12
helpful,12
everyones,12
boat,12
effective,12
earn,12
hunter,12
confused,12
join,12
types,12
ground,12
yea,12
caused,12
vacuuming,12
heart,12
mormons,12
smoke,12
father,12
guilt,12
software,12
mix,12
perspective,12
promise,12
prepare,12
fired,12
pisses,12
feed,12
jokes,12
assuming,12
commercials,12
rush,12
dryer,12
transit,12
fixed,12
green,12
shirt,12
underwear,12
shoes,12
soup,12
soylent,12
250,11
circumstances,11
struggle,11
grown,11
hungry,11
treated,11
method,11
production,11
graduating,11
studies,11
seven,11
messed,11
dropped,11
someones,11
stomach,11
loans,11
transfer,11
stressed,11
security,11
socializing,11
groups,11
file,11
instrument,11
socially,11
idiots,11
obsessed,11
explore,11
strong,11
rough,11
humans,11
anime,11
pile,11
lesson,11
lie,11
respond,11
talked,11
windows,11
particularly,11
saving,11
vast,11
maintain,11
endless,11
subjects,11
minor,11
credit,11
mistake,11
cross,11
1st,11
fighting,11
tool,11
monday,11
throwing,11
solve,11
situations,11
rules,11
employers,11
male,11
instantly,11
clue,11
posting,11
shop,11
surprisingly,11
carry,11
blame,11
record,11
increase,11
stressful,11
income,11
subreddits,11
browse,11
animal,11
members,11
involve,11
quests,11
brand,11
strangers,11
tedious,11
pure,11
motivation,11
cup,11
evidence,11
opened,11
roads,11
peace,11
hardly,11
rocks,11
tongue,11
coworker,11
balance,11
commutes,11
treatment,11
casual,11
reward,11
employee,11
"  

",11
block,11
tops,11
workplace,11
event,11
belt,11
oil,11
click,11
wipe,11
nyc,11
heat,11
ps4,11
appointment,11
dump,11
frozen,11
lmao,11
function,11
sandwich,11
surveys,11
trump,11
tinder,11
fold,11
bmw,11
scrub,11
allow,10
applications,10
wrote,10
lasted,10
concerned,10
stone,10
desire,10
causing,10
success,10
tf2,10
therapy,10
jack,10
healthier,10
cheated,10
image,10
pages,10
harry,10
potter,10
studied,10
failure,10
ideas,10
entry,10
failed,10
hurts,10
7th,10
itt,10
complaining,10
accounts,10
radio,10
listened,10
enjoyment,10
hearing,10
acceptable,10
bright,10
stayed,10
spare,10
picture,10
snap,10
ignore,10
existed,10
playtime,10
include,10
ruined,10
anybody,10
birth,10
diablo,10
stable,10
skyrim,10
accident,10
license,10
progress,10
asks,10
robot,10
lay,10
reset,10
algebra,10
ages,10
options,10
testing,10
choices,10
addition,10
film,10
driver,10
luxury,10
excited,10
scared,10
plans,10
loading,10
andor,10
losing,10
budget,10
standard,10
practical,10
contacts,10
link,10
bonus,10
lecture,10
claim,10
directly,10
struggling,10
card,10
customer,10
suggest,10
complain,10
lectures,10
table,10
north,10
pounds,10
background,10
forcing,10
acting,10
worlds,10
sport,10
tree,10
responses,10
300,10
salary,10
weather,10
notes,10
interact,10
tastes,10
suit,10
steps,10
raiding,10
raids,10
complex,10
fellow,10
meditation,10
username,10
rarely,10
teen,10
nap,10
foods,10
seasons,10
occasionally,10
traveling,10
buddy,10
challenge,10
pleasure,10
island,10
rate,10
states,10
moral,10
lady,10
remove,10
faith,10
obese,10
style,10
concept,10
paycheck,10
covered,10
insurance,10
spot,10
doors,10
clothing,10
washer,10
disgusting,10
boo,10
milk,10
rested,10
hygiene,10
lanes,10
shampoo,10
score,9
laughing,9
phoenix,9
worthwhile,9
smarter,9
campus,9
excuses,9
freedom,9
valid,9
info,9
regretted,9
parties,9
grief,9
events,9
separate,9
library,9
dying,9
talent,9
abuse,9
created,9
addictive,9
focused,9
competition,9
families,9
search,9
transition,9
candy,9
friendships,9
solely,9
convinced,9
thrown,9
motivated,9
fucks,9
dragon,9
managers,9
passion,9
network,9
profit,9
annoyed,9
develop,9
jerk,9
undergrad,9
advantage,9
duty,9
xbox,9
chemistry,9
cheaper,9
match,9
focusing,9
cigarettes,9
addict,9
serve,9
fields,9
log,9
thinks,9
disease,9
3rd,9
advanced,9
babies,9
screaming,9
"



",9
bosses,9
reduce,9
views,9
phones,9
setting,9
impact,9
sigh,9
holding,9
attend,9
farm,9
firms,9
offers,9
2008,9
unable,9
behavior,9
floors,9
ate,9
wind,9
dedicated,9
regardless,9
preparing,9
checked,9
practicing,9
hero,9
pretend,9
christ,9
parks,9
international,9
fail,9
alternative,9
portion,9
immature,9
center,9
collect,9
subreddit,9
finishing,9
battle,9
labor,9
frustrated,9
lock,9
loving,9
limit,9
customers,9
explained,9
basement,9
interviews,9
eye,9
recommended,9
internship,9
languages,9
advertising,9
hits,9
affect,9
oven,9
interests,9
musical,9
grind,9
pushing,9
